{"assets/background.png":["assets/background.png"],"assets/c-sitata.pfx":["assets/c-sitata.pfx"],"assets/client-sitata.pfx":["assets/client-sitata.pfx"],"assets/default_map.png":["assets/default_map.png"],"assets/login.png":["assets/login.png"],"assets/sitata.png":["assets/sitata.png"],"packages/awesome_snackbar_content/assets/back.svg":["packages/awesome_snackbar_content/assets/back.svg"],"packages/awesome_snackbar_content/assets/bubbles.svg":["packages/awesome_snackbar_content/assets/bubbles.svg"],"packages/awesome_snackbar_content/assets/types/failure.svg":["packages/awesome_snackbar_content/assets/types/failure.svg"],"packages/awesome_snackbar_content/assets/types/help.svg":["packages/awesome_snackbar_content/assets/types/help.svg"],"packages/awesome_snackbar_content/assets/types/success.svg":["packages/awesome_snackbar_content/assets/types/success.svg"],"packages/awesome_snackbar_content/assets/types/warning.svg":["packages/awesome_snackbar_content/assets/types/warning.svg"],"packages/cupertino_icons/assets/CupertinoIcons.ttf":["packages/cupertino_icons/assets/CupertinoIcons.ttf"],"packages/flutter_map/lib/assets/flutter_map_logo.png":["packages/flutter_map/lib/assets/flutter_map_logo.png"]}